KEY,PREF,CITY,KCITY,RCOM,CITY_NAME,KCITY_NAME,CROP,CULTIVAR,YEAR,EXTENT
2610100000,26,101,0,0,Kita,,RICE,other,2017,4790
2610100000,26,101,0,0,Kita,,RICE,other,2018,4450
2610100000,26,101,0,0,Kita,,RICE,other,2019,4120
2610100000,26,101,0,0,Kita,,RICE,other,2020,3810
2610100000,26,101,0,0,Kita,,RICE,other,2021,3750
2610100000,26,101,0,0,Kita,,RICE,other,2022,3640
2610100000,26,101,0,0,Kita,,VEG,,2023,21280
2610100000,26,101,0,0,Kita,,VEG,,2022,21260
2610100000,26,101,0,0,Kita,,VEG,,2021,21620
2610100000,26,101,0,0,Kita,,VEG,,2020,21740
2610100000,26,101,0,0,Kita,,VEG,,2019,21780
2610100000,26,101,0,0,Kita,,VEG,,2018,21820
2610100000,26,101,0,0,Kita,,VEG,,2017,21880
2610300000,26,102,0,0,Kamigyo,,VEG,,2023,480
2610300000,26,102,0,0,Kamigyo,,VEG,,2022,530
2610300000,26,102,0,0,Kamigyo,,VEG,,2021,530
2610300000,26,102,0,0,Kamigyo,,VEG,,2020,530
2610300000,26,102,0,0,Kamigyo,,VEG,,2019,520
2610300000,26,102,0,0,Kamigyo,,VEG,,2018,530
2610300000,26,102,0,0,Kamigyo,,VEG,,2017,530
2610300000,26,103,0,0,Sakyo,,RICE,other,2017,8820
2610300000,26,103,0,0,Sakyo,,RICE,other,2018,8170
2610300000,26,103,0,0,Sakyo,,RICE,other,2019,7830
2610300000,26,103,0,0,Sakyo,,RICE,other,2020,7600
2610300000,26,103,0,0,Sakyo,,RICE,other,2021,7530
2610300000,26,103,0,0,Sakyo,,RICE,other,2022,7300
2610300000,26,103,0,0,Sakyo,,VEG,,2023,12090
2610300000,26,103,0,0,Sakyo,,VEG,,2022,12050
2610300000,26,103,0,0,Sakyo,,VEG,,2021,12080
2610300000,26,103,0,0,Sakyo,,VEG,,2020,12170
2610300000,26,103,0,0,Sakyo,,VEG,,2019,12140
2610300000,26,103,0,0,Sakyo,,VEG,,2018,12190
2610300000,26,103,0,0,Sakyo,,VEG,,2017,12210
2610400000,26,104,0,0,Nakagyo,,RICE,other,2017,130
2610400000,26,104,0,0,Nakagyo,,RICE,other,2018,110
2610400000,26,104,0,0,Nakagyo,,RICE,other,2019,100
2610400000,26,104,0,0,Nakagyo,,RICE,other,2020,140
2610400000,26,104,0,0,Nakagyo,,RICE,other,2021,140
2610400000,26,104,0,0,Nakagyo,,RICE,other,2022,140
2610400000,26,104,0,0,Nakagyo,,VEG,,2023,280
2610400000,26,104,0,0,Nakagyo,,VEG,,2022,290
2610400000,26,104,0,0,Nakagyo,,VEG,,2021,290
2610400000,26,104,0,0,Nakagyo,,VEG,,2020,290
2610400000,26,104,0,0,Nakagyo,,VEG,,2019,290
2610400000,26,104,0,0,Nakagyo,,VEG,,2018,290
2610400000,26,104,0,0,Nakagyo,,VEG,,2017,290
2610500000,26,105,0,0,Higashiyama,,RICE,other,2017,0
2610500000,26,105,0,0,Higashiyama,,RICE,other,2018,0
2610500000,26,105,0,0,Higashiyama,,RICE,other,2019,0
2610500000,26,105,0,0,Higashiyama,,RICE,other,2020,0
2610500000,26,105,0,0,Higashiyama,,RICE,other,2021,0
2610500000,26,105,0,0,Higashiyama,,RICE,other,2022,0
2610600000,26,106,0,0,Shimogyo,,RICE,other,2017,400
2610600000,26,106,0,0,Shimogyo,,RICE,other,2018,320
2610600000,26,106,0,0,Shimogyo,,RICE,other,2019,350
2610600000,26,106,0,0,Shimogyo,,RICE,other,2020,360
2610600000,26,106,0,0,Shimogyo,,RICE,other,2021,340
2610600000,26,106,0,0,Shimogyo,,RICE,other,2022,320
2610600000,26,106,0,0,Shimogyo,,VEG,,2023,690
2610600000,26,106,0,0,Shimogyo,,VEG,,2022,700
2610600000,26,106,0,0,Shimogyo,,VEG,,2021,740
2610600000,26,106,0,0,Shimogyo,,VEG,,2020,790
2610600000,26,106,0,0,Shimogyo,,VEG,,2019,790
2610600000,26,106,0,0,Shimogyo,,VEG,,2018,790
2610600000,26,106,0,0,Shimogyo,,VEG,,2017,770
2610700000,26,107,0,0,Minami,,RICE,other,2017,5760
2610700000,26,107,0,0,Minami,,RICE,other,2018,5260
2610700000,26,107,0,0,Minami,,RICE,other,2019,5230
2610700000,26,107,0,0,Minami,,RICE,other,2020,5040
2610700000,26,107,0,0,Minami,,RICE,other,2021,5080
2610700000,26,107,0,0,Minami,,RICE,other,2022,4900
2610700000,26,107,0,0,Minami,,VEG,,2023,11850
2610700000,26,107,0,0,Minami,,VEG,,2022,12260
2610700000,26,107,0,0,Minami,,VEG,,2021,12900
2610700000,26,107,0,0,Minami,,VEG,,2020,13350
2610700000,26,107,0,0,Minami,,VEG,,2019,13350
2610700000,26,107,0,0,Minami,,VEG,,2018,13370
2610700000,26,107,0,0,Minami,,VEG,,2017,13440
2610801000,26,108,1,0,Ukyo,Ukyo,RICE,other,2017,12770
2610801000,26,108,1,0,Ukyo,Ukyo,RICE,other,2018,12340
2610801000,26,108,1,0,Ukyo,Ukyo,RICE,other,2019,12220
2610801000,26,108,1,0,Ukyo,Ukyo,RICE,other,2020,12300
2610801000,26,108,1,0,Ukyo,Ukyo,RICE,other,2021,12000
2610801000,26,108,1,0,Ukyo,Ukyo,RICE,other,2022,12310
2610802000,26,108,2,0,Ukyo,Kuroda,RICE,other,2017,611
2610802000,26,108,2,0,Ukyo,Kuroda,RICE,other,2018,598
2610802000,26,108,2,0,Ukyo,Kuroda,RICE,other,2019,589
2610802000,26,108,2,0,Ukyo,Kuroda,RICE,other,2020,586
2610802000,26,108,2,0,Ukyo,Kuroda,RICE,other,2021,580
2610802000,26,108,2,0,Ukyo,Kuroda,RICE,other,2022,562
2610803000,26,108,3,0,Ukyo,Yamaguni,RICE,other,2017,10155
2610803000,26,108,3,0,Ukyo,Yamaguni,RICE,other,2018,9934
2610803000,26,108,3,0,Ukyo,Yamaguni,RICE,other,2019,9795
2610803000,26,108,3,0,Ukyo,Yamaguni,RICE,other,2020,9739
2610803000,26,108,3,0,Ukyo,Yamaguni,RICE,other,2021,9637
2610803000,26,108,3,0,Ukyo,Yamaguni,RICE,other,2022,9343
2610804000,26,108,4,0,Ukyo,Shuzan,RICE,other,2017,5191
2610804000,26,108,4,0,Ukyo,Shuzan,RICE,other,2018,5077
2610804000,26,108,4,0,Ukyo,Shuzan,RICE,other,2019,5007
2610804000,26,108,4,0,Ukyo,Shuzan,RICE,other,2020,4978
2610804000,26,108,4,0,Ukyo,Shuzan,RICE,other,2021,4926
2610804000,26,108,4,0,Ukyo,Shuzan,RICE,other,2022,4775
2610805000,26,108,5,0,Ukyo,Hosono,RICE,other,2017,2512
2610805000,26,108,5,0,Ukyo,Hosono,RICE,other,2018,2457
2610805000,26,108,5,0,Ukyo,Hosono,RICE,other,2019,2423
2610805000,26,108,5,0,Ukyo,Hosono,RICE,other,2020,2409
2610805000,26,108,5,0,Ukyo,Hosono,RICE,other,2021,2383
2610805000,26,108,5,0,Ukyo,Hosono,RICE,other,2022,2311
2610806000,26,108,6,0,Ukyo,Uzu,RICE,other,2017,1529
2610806000,26,108,6,0,Ukyo,Uzu,RICE,other,2018,1496
2610806000,26,108,6,0,Ukyo,Uzu,RICE,other,2019,1475
2610806000,26,108,6,0,Ukyo,Uzu,RICE,other,2020,1466
2610806000,26,108,6,0,Ukyo,Uzu,RICE,other,2021,1451
2610806000,26,108,6,0,Ukyo,Uzu,RICE,other,2022,1407
2610807000,26,108,7,0,Ukyo,Yuge,RICE,other,2017,10762
2610807000,26,108,7,0,Ukyo,Yuge,RICE,other,2018,10528
2610807000,26,108,7,0,Ukyo,Yuge,RICE,other,2019,10381
2610807000,26,108,7,0,Ukyo,Yuge,RICE,other,2020,10322
2610807000,26,108,7,0,Ukyo,Yuge,RICE,other,2021,10213
2610807000,26,108,7,0,Ukyo,Yuge,RICE,other,2022,9902
2610801000,26,108,1,0,Ukyo,Ukyo,VEG,,2023,14700
2610801000,26,108,1,0,Ukyo,Ukyo,VEG,,2022,14730
2610801000,26,108,1,0,Ukyo,Ukyo,VEG,,2021,14740
2610801000,26,108,1,0,Ukyo,Ukyo,VEG,,2020,14590
2610801000,26,108,1,0,Ukyo,Ukyo,VEG,,2019,14610
2610801000,26,108,1,0,Ukyo,Ukyo,VEG,,2018,14610
2610801000,26,108,1,0,Ukyo,Ukyo,VEG,,2017,14670
2610802000,26,108,2,0,Ukyo,Kuroda,VEG,,2023,492
2610802000,26,108,2,0,Ukyo,Kuroda,VEG,,2022,471
2610802000,26,108,2,0,Ukyo,Kuroda,VEG,,2021,479
2610802000,26,108,2,0,Ukyo,Kuroda,VEG,,2020,508
2610802000,26,108,2,0,Ukyo,Kuroda,VEG,,2019,465
2610802000,26,108,2,0,Ukyo,Kuroda,VEG,,2018,482
2610802000,26,108,2,0,Ukyo,Kuroda,VEG,,2017,461
2610803000,26,108,3,0,Ukyo,Yamaguni,VEG,,2023,846
2610803000,26,108,3,0,Ukyo,Yamaguni,VEG,,2022,811
2610803000,26,108,3,0,Ukyo,Yamaguni,VEG,,2021,824
2610803000,26,108,3,0,Ukyo,Yamaguni,VEG,,2020,874
2610803000,26,108,3,0,Ukyo,Yamaguni,VEG,,2019,800
2610803000,26,108,3,0,Ukyo,Yamaguni,VEG,,2018,830
2610803000,26,108,3,0,Ukyo,Yamaguni,VEG,,2017,793
2610804000,26,108,4,0,Ukyo,Shuzan,VEG,,2023,1818
2610804000,26,108,4,0,Ukyo,Shuzan,VEG,,2022,1742
2610804000,26,108,4,0,Ukyo,Shuzan,VEG,,2021,1770
2610804000,26,108,4,0,Ukyo,Shuzan,VEG,,2020,1877
2610804000,26,108,4,0,Ukyo,Shuzan,VEG,,2019,1718
2610804000,26,108,4,0,Ukyo,Shuzan,VEG,,2018,1784
2610804000,26,108,4,0,Ukyo,Shuzan,VEG,,2017,1704
2610805000,26,108,5,0,Ukyo,Hosono,VEG,,2023,354
2610805000,26,108,5,0,Ukyo,Hosono,VEG,,2022,340
2610805000,26,108,5,0,Ukyo,Hosono,VEG,,2021,345
2610805000,26,108,5,0,Ukyo,Hosono,VEG,,2020,366
2610805000,26,108,5,0,Ukyo,Hosono,VEG,,2019,335
2610805000,26,108,5,0,Ukyo,Hosono,VEG,,2018,348
2610805000,26,108,5,0,Ukyo,Hosono,VEG,,2017,332
2610806000,26,108,6,0,Ukyo,Uzu,VEG,,2023,343
2610806000,26,108,6,0,Ukyo,Uzu,VEG,,2022,329
2610806000,26,108,6,0,Ukyo,Uzu,VEG,,2021,334
2610806000,26,108,6,0,Ukyo,Uzu,VEG,,2020,354
2610806000,26,108,6,0,Ukyo,Uzu,VEG,,2019,324
2610806000,26,108,6,0,Ukyo,Uzu,VEG,,2018,337
2610806000,26,108,6,0,Ukyo,Uzu,VEG,,2017,322
2610807000,26,108,7,0,Ukyo,Yuge,VEG,,2023,1406
2610807000,26,108,7,0,Ukyo,Yuge,VEG,,2022,1348
2610807000,26,108,7,0,Ukyo,Yuge,VEG,,2021,1369
2610807000,26,108,7,0,Ukyo,Yuge,VEG,,2020,1452
2610807000,26,108,7,0,Ukyo,Yuge,VEG,,2019,1329
2610807000,26,108,7,0,Ukyo,Yuge,VEG,,2018,1380
2610807000,26,108,7,0,Ukyo,Yuge,VEG,,2017,1318
2610900000,26,109,0,0,Fushimi,,RICE,other,2017,41300
2610900000,26,109,0,0,Fushimi,,RICE,other,2018,39700
2610900000,26,109,0,0,Fushimi,,RICE,other,2019,38890
2610900000,26,109,0,0,Fushimi,,RICE,other,2020,38040
2610900000,26,109,0,0,Fushimi,,RICE,other,2021,37500
2610900000,26,109,0,0,Fushimi,,RICE,other,2022,37370
2610900000,26,109,0,0,Fushimi,,TEA,sencha,2021,10
2610900000,26,109,0,0,Fushimi,,TEA,sencha,2024,30
2610900000,26,109,0,0,Fushimi,,TEA,gyokuro,2015,70
2610900000,26,109,0,0,Fushimi,,TEA,gyokuro,2016,140
2610900000,26,109,0,0,Fushimi,,TEA,gyokuro,2017,100
2610900000,26,109,0,0,Fushimi,,TEA,gyokuro,2018,100
2610900000,26,109,0,0,Fushimi,,TEA,gyokuro,2019,100
2610900000,26,109,0,0,Fushimi,,TEA,gyokuro,2020,100
2610900000,26,109,0,0,Fushimi,,TEA,gyokuro,2021,30
2610900000,26,109,0,0,Fushimi,,TEA,gyokuro,2022,30
2610900000,26,109,0,0,Fushimi,,TEA,gyokuro,2023,30
2610900000,26,109,0,0,Fushimi,,TEA,gyokuro,2024,0
2610900000,26,109,0,0,Fushimi,,TEA,tencha,2015,600
2610900000,26,109,0,0,Fushimi,,TEA,tencha,2016,370
2610900000,26,109,0,0,Fushimi,,TEA,tencha,2017,410
2610900000,26,109,0,0,Fushimi,,TEA,tencha,2018,410
2610900000,26,109,0,0,Fushimi,,TEA,tencha,2019,400
2610900000,26,109,0,0,Fushimi,,TEA,tencha,2020,400
2610900000,26,109,0,0,Fushimi,,TEA,tencha,2021,320
2610900000,26,109,0,0,Fushimi,,TEA,tencha,2022,270
2610900000,26,109,0,0,Fushimi,,TEA,tencha,2023,270
2610900000,26,109,0,0,Fushimi,,TEA,tencha,2024,270
2610900000,26,109,0,0,Fushimi,,VEG,,2023,39130
2610900000,26,109,0,0,Fushimi,,VEG,,2022,40460
2610900000,26,109,0,0,Fushimi,,VEG,,2021,40790
2610900000,26,109,0,0,Fushimi,,VEG,,2020,41530
2610900000,26,109,0,0,Fushimi,,VEG,,2019,41620
2610900000,26,109,0,0,Fushimi,,VEG,,2018,41840
2610900000,26,109,0,0,Fushimi,,VEG,,2017,42990
2611000000,26,110,0,0,Yamashina,,RICE,other,2017,5510
2611000000,26,110,0,0,Yamashina,,RICE,other,2018,5280
2611000000,26,110,0,0,Yamashina,,RICE,other,2019,5000
2611000000,26,110,0,0,Yamashina,,RICE,other,2020,4780
2611000000,26,110,0,0,Yamashina,,RICE,other,2021,4610
2611000000,26,110,0,0,Yamashina,,RICE,other,2022,4320
2611000000,26,110,0,0,Yamashina,,VEG,,2023,6950
2611000000,26,110,0,0,Yamashina,,VEG,,2022,7030
2611000000,26,110,0,0,Yamashina,,VEG,,2021,7240
2611000000,26,110,0,0,Yamashina,,VEG,,2020,7580
2611000000,26,110,0,0,Yamashina,,VEG,,2019,7580
2611000000,26,110,0,0,Yamashina,,VEG,,2018,7580
2611000000,26,110,0,0,Yamashina,,VEG,,2017,7580
2611100000,26,111,0,0,Nishikyo,,RICE,other,2017,14450
2611100000,26,111,0,0,Nishikyo,,RICE,other,2018,13780
2611100000,26,111,0,0,Nishikyo,,RICE,other,2019,13550
2611100000,26,111,0,0,Nishikyo,,RICE,other,2020,13450
2611100000,26,111,0,0,Nishikyo,,RICE,other,2021,13200
2611100000,26,111,0,0,Nishikyo,,RICE,other,2022,12650
2611100000,26,111,0,0,Nishikyo,,VEG,,2023,26840
2611100000,26,111,0,0,Nishikyo,,VEG,,2022,26780
2611100000,26,111,0,0,Nishikyo,,VEG,,2021,27010
2611100000,26,111,0,0,Nishikyo,,VEG,,2020,27030
2611100000,26,111,0,0,Nishikyo,,VEG,,2019,27190
2611100000,26,111,0,0,Nishikyo,,VEG,,2018,27430
2611100000,26,111,0,0,Nishikyo,,VEG,,2017,27500
2620100000,26,201,0,0,Fukuchiyama,,RICE,koshihikari,2017,149900
2620100000,26,201,0,0,Fukuchiyama,,RICE,koshihikari,2018,145200
2620100000,26,201,0,0,Fukuchiyama,,RICE,koshihikari,2019,139700
2620100000,26,201,0,0,Fukuchiyama,,RICE,koshihikari,2020,139500
2620100000,26,201,0,0,Fukuchiyama,,RICE,koshihikari,2021,134600
2620100000,26,201,0,0,Fukuchiyama,,RICE,koshihikari,2022,129900
2620100000,26,201,0,0,Fukuchiyama,,RICE,koshihikari,2023,126400
2620100000,26,201,0,0,Fukuchiyama,,RICE,koshihikari,2024,124200
2620100000,26,201,0,0,Fukuchiyama,,RICE,koshihikari,2025,132100
2620100000,26,201,0,0,Fukuchiyama,,TEA,sencha,2015,100
2620100000,26,201,0,0,Fukuchiyama,,TEA,sencha,2016,100
2620100000,26,201,0,0,Fukuchiyama,,TEA,sencha,2017,100
2620100000,26,201,0,0,Fukuchiyama,,TEA,sencha,2018,130
2620100000,26,201,0,0,Fukuchiyama,,TEA,sencha,2019,110
2620100000,26,201,0,0,Fukuchiyama,,TEA,sencha,2020,100
2620100000,26,201,0,0,Fukuchiyama,,TEA,sencha,2021,100
2620100000,26,201,0,0,Fukuchiyama,,TEA,sencha,2022,100
2620100000,26,201,0,0,Fukuchiyama,,TEA,sencha,2023,100
2620100000,26,201,0,0,Fukuchiyama,,TEA,sencha,2024,100
2620100000,26,201,0,0,Fukuchiyama,,TEA,kabuse,2015,60
2620100000,26,201,0,0,Fukuchiyama,,TEA,kabuse,2016,60
2620100000,26,201,0,0,Fukuchiyama,,TEA,kabuse,2017,60
2620100000,26,201,0,0,Fukuchiyama,,TEA,kabuse,2018,60
2620100000,26,201,0,0,Fukuchiyama,,TEA,kabuse,2019,60
2620100000,26,201,0,0,Fukuchiyama,,TEA,kabuse,2020,20
2620100000,26,201,0,0,Fukuchiyama,,TEA,kabuse,2021,20
2620100000,26,201,0,0,Fukuchiyama,,TEA,kabuse,2022,0
2620100000,26,201,0,0,Fukuchiyama,,TEA,kabuse,2023,0
2620100000,26,201,0,0,Fukuchiyama,,TEA,kabuse,2024,0
2620100000,26,201,0,0,Fukuchiyama,,TEA,gyokuro,2015,720
2620100000,26,201,0,0,Fukuchiyama,,TEA,gyokuro,2016,720
2620100000,26,201,0,0,Fukuchiyama,,TEA,gyokuro,2017,740
2620100000,26,201,0,0,Fukuchiyama,,TEA,gyokuro,2018,750
2620100000,26,201,0,0,Fukuchiyama,,TEA,gyokuro,2019,580
2620100000,26,201,0,0,Fukuchiyama,,TEA,gyokuro,2020,550
2620100000,26,201,0,0,Fukuchiyama,,TEA,gyokuro,2021,560
2620100000,26,201,0,0,Fukuchiyama,,TEA,gyokuro,2022,480
2620100000,26,201,0,0,Fukuchiyama,,TEA,gyokuro,2023,440
2620100000,26,201,0,0,Fukuchiyama,,TEA,gyokuro,2024,440
2620100000,26,201,0,0,Fukuchiyama,,TEA,tencha,2015,680
2620100000,26,201,0,0,Fukuchiyama,,TEA,tencha,2016,670
2620100000,26,201,0,0,Fukuchiyama,,TEA,tencha,2017,650
2620100000,26,201,0,0,Fukuchiyama,,TEA,tencha,2018,580
2620100000,26,201,0,0,Fukuchiyama,,TEA,tencha,2019,620
2620100000,26,201,0,0,Fukuchiyama,,TEA,tencha,2020,570
2620100000,26,201,0,0,Fukuchiyama,,TEA,tencha,2021,550
2620100000,26,201,0,0,Fukuchiyama,,TEA,tencha,2022,550
2620100000,26,201,0,0,Fukuchiyama,,TEA,tencha,2023,550
2620100000,26,201,0,0,Fukuchiyama,,TEA,tencha,2024,550
2620100000,26,201,0,0,Fukuchiyama,,VEG,,2021,74600
2620100000,26,201,0,0,Fukuchiyama,,VEG,,2020,75100
2620100000,26,201,0,0,Fukuchiyama,,VEG,,2019,75700
2620100000,26,201,0,0,Fukuchiyama,,VEG,,2018,75900
2620100000,26,201,0,0,Fukuchiyama,,VEG,,2017,75900
2620100000,26,201,0,0,Fukuchiyama,,VEG,,2016,76100
2620100000,26,201,0,0,Fukuchiyama,,VEG,,2015,76600
2620200000,26,202,0,0,Maizuru,,RICE,koshihikari,2017,59100
2620200000,26,202,0,0,Maizuru,,RICE,koshihikari,2018,57700
2620200000,26,202,0,0,Maizuru,,RICE,koshihikari,2019,56200
2620200000,26,202,0,0,Maizuru,,RICE,koshihikari,2020,54500
2620200000,26,202,0,0,Maizuru,,RICE,koshihikari,2021,53700
2620200000,26,202,0,0,Maizuru,,RICE,koshihikari,2022,52200
2620200000,26,202,0,0,Maizuru,,RICE,koshihikari,2023,50600
2620200000,26,202,0,0,Maizuru,,RICE,koshihikari,2024,50800
2620200000,26,202,0,0,Maizuru,,RICE,koshihikari,2025,51300
2620200000,26,202,0,0,Maizuru,,TEA,sencha,2015,240
2620200000,26,202,0,0,Maizuru,,TEA,sencha,2016,240
2620200000,26,202,0,0,Maizuru,,TEA,sencha,2017,240
2620200000,26,202,0,0,Maizuru,,TEA,sencha,2018,240
2620200000,26,202,0,0,Maizuru,,TEA,sencha,2019,240
2620200000,26,202,0,0,Maizuru,,TEA,sencha,2020,350
2620200000,26,202,0,0,Maizuru,,TEA,sencha,2021,250
2620200000,26,202,0,0,Maizuru,,TEA,sencha,2022,250
2620200000,26,202,0,0,Maizuru,,TEA,sencha,2023,290
2620200000,26,202,0,0,Maizuru,,TEA,sencha,2024,280
2620200000,26,202,0,0,Maizuru,,TEA,gyokuro,2015,300
2620200000,26,202,0,0,Maizuru,,TEA,gyokuro,2016,330
2620200000,26,202,0,0,Maizuru,,TEA,gyokuro,2017,330
2620200000,26,202,0,0,Maizuru,,TEA,gyokuro,2018,330
2620200000,26,202,0,0,Maizuru,,TEA,gyokuro,2019,330
2620200000,26,202,0,0,Maizuru,,TEA,gyokuro,2020,210
2620200000,26,202,0,0,Maizuru,,TEA,gyokuro,2021,210
2620200000,26,202,0,0,Maizuru,,TEA,gyokuro,2022,230
2620200000,26,202,0,0,Maizuru,,TEA,gyokuro,2023,220
2620200000,26,202,0,0,Maizuru,,TEA,gyokuro,2024,230
2620200000,26,202,0,0,Maizuru,,TEA,tencha,2015,670
2620200000,26,202,0,0,Maizuru,,TEA,tencha,2016,670
2620200000,26,202,0,0,Maizuru,,TEA,tencha,2017,670
2620200000,26,202,0,0,Maizuru,,TEA,tencha,2018,670
2620200000,26,202,0,0,Maizuru,,TEA,tencha,2019,670
2620200000,26,202,0,0,Maizuru,,TEA,tencha,2020,540
2620200000,26,202,0,0,Maizuru,,TEA,tencha,2021,540
2620200000,26,202,0,0,Maizuru,,TEA,tencha,2022,540
2620200000,26,202,0,0,Maizuru,,TEA,tencha,2023,520
2620200000,26,202,0,0,Maizuru,,TEA,tencha,2024,530
2620200000,26,202,0,0,Maizuru,,VEG,,2021,32600
2620200000,26,202,0,0,Maizuru,,VEG,,2020,32600
2620200000,26,202,0,0,Maizuru,,VEG,,2019,32700
2620200000,26,202,0,0,Maizuru,,VEG,,2018,32700
2620200000,26,202,0,0,Maizuru,,VEG,,2017,33000
2620200000,26,202,0,0,Maizuru,,VEG,,2016,33500
2620200000,26,202,0,0,Maizuru,,VEG,,2015,33600
2620300000,26,203,0,0,Ayabe,,RICE,koshihikari,2017,131100
2620300000,26,203,0,0,Ayabe,,RICE,koshihikari,2018,127100
2620300000,26,203,0,0,Ayabe,,RICE,koshihikari,2019,124900
2620300000,26,203,0,0,Ayabe,,RICE,koshihikari,2020,122100
2620300000,26,203,0,0,Ayabe,,RICE,koshihikari,2021,117300
2620300000,26,203,0,0,Ayabe,,RICE,koshihikari,2022,117100
2620300000,26,203,0,0,Ayabe,,RICE,koshihikari,2023,113500
2620300000,26,203,0,0,Ayabe,,RICE,koshihikari,2024,112800
2620300000,26,203,0,0,Ayabe,,RICE,koshihikari,2025,114400
2620300000,26,203,0,0,Ayabe,,TEA,kabuse,2015,50
2620300000,26,203,0,0,Ayabe,,TEA,kabuse,2016,50
2620300000,26,203,0,0,Ayabe,,TEA,kabuse,2017,50
2620300000,26,203,0,0,Ayabe,,TEA,kabuse,2018,50
2620300000,26,203,0,0,Ayabe,,TEA,kabuse,2019,20
2620300000,26,203,0,0,Ayabe,,TEA,kabuse,2020,20
2620300000,26,203,0,0,Ayabe,,TEA,kabuse,2021,20
2620300000,26,203,0,0,Ayabe,,TEA,kabuse,2022,20
2620300000,26,203,0,0,Ayabe,,TEA,kabuse,2023,20
2620300000,26,203,0,0,Ayabe,,TEA,kabuse,2024,20
2620300000,26,203,0,0,Ayabe,,TEA,gyokuro,2015,2210
2620300000,26,203,0,0,Ayabe,,TEA,gyokuro,2016,2210
2620300000,26,203,0,0,Ayabe,,TEA,gyokuro,2017,2210
2620300000,26,203,0,0,Ayabe,,TEA,gyokuro,2018,2190
2620300000,26,203,0,0,Ayabe,,TEA,gyokuro,2019,1590
2620300000,26,203,0,0,Ayabe,,TEA,gyokuro,2020,1880
2620300000,26,203,0,0,Ayabe,,TEA,gyokuro,2021,1850
2620300000,26,203,0,0,Ayabe,,TEA,gyokuro,2022,1820
2620300000,26,203,0,0,Ayabe,,TEA,gyokuro,2023,1760
2620300000,26,203,0,0,Ayabe,,TEA,gyokuro,2024,1690
2620300000,26,203,0,0,Ayabe,,TEA,tencha,2015,590
2620300000,26,203,0,0,Ayabe,,TEA,tencha,2016,590
2620300000,26,203,0,0,Ayabe,,TEA,tencha,2017,590
2620300000,26,203,0,0,Ayabe,,TEA,tencha,2018,590
2620300000,26,203,0,0,Ayabe,,TEA,tencha,2019,900
2620300000,26,203,0,0,Ayabe,,TEA,tencha,2020,990
2620300000,26,203,0,0,Ayabe,,TEA,tencha,2021,990
2620300000,26,203,0,0,Ayabe,,TEA,tencha,2022,990
2620300000,26,203,0,0,Ayabe,,TEA,tencha,2023,980
2620300000,26,203,0,0,Ayabe,,TEA,tencha,2024,990
2620300000,26,203,0,0,Ayabe,,VEG,,2021,52700
2620300000,26,203,0,0,Ayabe,,VEG,,2020,52700
2620300000,26,203,0,0,Ayabe,,VEG,,2019,52900
2620300000,26,203,0,0,Ayabe,,VEG,,2018,53200
2620300000,26,203,0,0,Ayabe,,VEG,,2017,53100
2620300000,26,203,0,0,Ayabe,,VEG,,2016,53100
2620300000,26,203,0,0,Ayabe,,VEG,,2015,53100
2620400000,26,204,0,0,Uji,,RICE,other,2017,15800
2620400000,26,204,0,0,Uji,,RICE,other,2018,16200
2620400000,26,204,0,0,Uji,,RICE,other,2019,16000
2620400000,26,204,0,0,Uji,,RICE,other,2020,16100
2620400000,26,204,0,0,Uji,,RICE,other,2021,15500
2620400000,26,204,0,0,Uji,,RICE,other,2022,14600
2620400000,26,204,0,0,Uji,,RICE,other,2023,14700
2620400000,26,204,0,0,Uji,,RICE,other,2024,14400
2620400000,26,204,0,0,Uji,,RICE,other,2025,14300
2620400000,26,204,0,0,Uji,,TEA,sencha,2015,790
2620400000,26,204,0,0,Uji,,TEA,sencha,2016,760
2620400000,26,204,0,0,Uji,,TEA,sencha,2017,740
2620400000,26,204,0,0,Uji,,TEA,sencha,2018,710
2620400000,26,204,0,0,Uji,,TEA,sencha,2019,680
2620400000,26,204,0,0,Uji,,TEA,sencha,2020,640
2620400000,26,204,0,0,Uji,,TEA,sencha,2021,640
2620400000,26,204,0,0,Uji,,TEA,sencha,2022,560
2620400000,26,204,0,0,Uji,,TEA,sencha,2023,560
2620400000,26,204,0,0,Uji,,TEA,sencha,2024,470
2620400000,26,204,0,0,Uji,,TEA,kabuse,2015,220
2620400000,26,204,0,0,Uji,,TEA,kabuse,2016,220
2620400000,26,204,0,0,Uji,,TEA,kabuse,2017,220
2620400000,26,204,0,0,Uji,,TEA,kabuse,2018,220
2620400000,26,204,0,0,Uji,,TEA,kabuse,2019,220
2620400000,26,204,0,0,Uji,,TEA,kabuse,2020,220
2620400000,26,204,0,0,Uji,,TEA,kabuse,2021,220
2620400000,26,204,0,0,Uji,,TEA,kabuse,2022,220
2620400000,26,204,0,0,Uji,,TEA,kabuse,2023,220
2620400000,26,204,0,0,Uji,,TEA,kabuse,2024,210
2620400000,26,204,0,0,Uji,,TEA,gyokuro,2015,2020
2620400000,26,204,0,0,Uji,,TEA,gyokuro,2016,2030
2620400000,26,204,0,0,Uji,,TEA,gyokuro,2017,2040
2620400000,26,204,0,0,Uji,,TEA,gyokuro,2018,2050
2620400000,26,204,0,0,Uji,,TEA,gyokuro,2019,2040
2620400000,26,204,0,0,Uji,,TEA,gyokuro,2020,2050
2620400000,26,204,0,0,Uji,,TEA,gyokuro,2021,2050
2620400000,26,204,0,0,Uji,,TEA,gyokuro,2022,2060
2620400000,26,204,0,0,Uji,,TEA,gyokuro,2023,2040
2620400000,26,204,0,0,Uji,,TEA,gyokuro,2024,2040
2620400000,26,204,0,0,Uji,,TEA,tencha,2015,4430
2620400000,26,204,0,0,Uji,,TEA,tencha,2016,4440
2620400000,26,204,0,0,Uji,,TEA,tencha,2017,4440
2620400000,26,204,0,0,Uji,,TEA,tencha,2018,4450
2620400000,26,204,0,0,Uji,,TEA,tencha,2019,4440
2620400000,26,204,0,0,Uji,,TEA,tencha,2020,4420
2620400000,26,204,0,0,Uji,,TEA,tencha,2021,4430
2620400000,26,204,0,0,Uji,,TEA,tencha,2022,4400
2620400000,26,204,0,0,Uji,,TEA,tencha,2023,4430
2620400000,26,204,0,0,Uji,,TEA,tencha,2024,4440
2620400000,26,204,0,0,Uji,,VEG,,2021,10000
2620400000,26,204,0,0,Uji,,VEG,,2020,10000
2620400000,26,204,0,0,Uji,,VEG,,2019,10000
2620400000,26,204,0,0,Uji,,VEG,,2018,10000
2620400000,26,204,0,0,Uji,,VEG,,2017,9900
2620400000,26,204,0,0,Uji,,VEG,,2016,9900
2620400000,26,204,0,0,Uji,,VEG,,2015,9900
2620500000,26,205,0,0,Miyazu,,RICE,koshihikari,2017,33300
2620500000,26,205,0,0,Miyazu,,RICE,koshihikari,2018,32400
2620500000,26,205,0,0,Miyazu,,RICE,koshihikari,2019,31600
2620500000,26,205,0,0,Miyazu,,RICE,koshihikari,2020,31000
2620500000,26,205,0,0,Miyazu,,RICE,koshihikari,2021,30000
2620500000,26,205,0,0,Miyazu,,RICE,koshihikari,2022,28300
2620500000,26,205,0,0,Miyazu,,RICE,koshihikari,2023,27600
2620500000,26,205,0,0,Miyazu,,RICE,koshihikari,2024,27900
2620500000,26,205,0,0,Miyazu,,RICE,koshihikari,2025,26600
2620500000,26,205,0,0,Miyazu,,VEG,,2021,17300
2620500000,26,205,0,0,Miyazu,,VEG,,2020,17400
2620500000,26,205,0,0,Miyazu,,VEG,,2019,17600
2620500000,26,205,0,0,Miyazu,,VEG,,2018,17700
2620500000,26,205,0,0,Miyazu,,VEG,,2017,17800
2620500000,26,205,0,0,Miyazu,,VEG,,2016,18000
2620500000,26,205,0,0,Miyazu,,VEG,,2015,18400
2620600000,26,206,0,0,Kameoka,,RICE,other,2017,142500
2620600000,26,206,0,0,Kameoka,,RICE,other,2018,138700
2620600000,26,206,0,0,Kameoka,,RICE,other,2019,138500
2620600000,26,206,0,0,Kameoka,,RICE,other,2020,139900
2620600000,26,206,0,0,Kameoka,,RICE,other,2021,138300
2620600000,26,206,0,0,Kameoka,,RICE,other,2022,137000
2620600000,26,206,0,0,Kameoka,,RICE,other,2023,132300
2620600000,26,206,0,0,Kameoka,,RICE,other,2024,129500
2620600000,26,206,0,0,Kameoka,,VEG,,2021,10800
2620600000,26,206,0,0,Kameoka,,VEG,,2020,10900
2620600000,26,206,0,0,Kameoka,,VEG,,2019,11000
2620600000,26,206,0,0,Kameoka,,VEG,,2018,11000
2620600000,26,206,0,0,Kameoka,,VEG,,2017,10900
2620600000,26,206,0,0,Kameoka,,VEG,,2016,10900
2620600000,26,206,0,0,Kameoka,,VEG,,2015,10900
2620700000,26,207,0,0,Joyo,,RICE,other,2017,17200
2620700000,26,207,0,0,Joyo,,RICE,other,2018,16400
2620700000,26,207,0,0,Joyo,,RICE,other,2019,16700
2620700000,26,207,0,0,Joyo,,RICE,other,2020,16300
2620700000,26,207,0,0,Joyo,,RICE,other,2021,15800
2620700000,26,207,0,0,Joyo,,RICE,other,2022,15800
2620700000,26,207,0,0,Joyo,,RICE,other,2023,14400
2620700000,26,207,0,0,Joyo,,RICE,other,2024,14100
2620700000,26,207,0,0,Joyo,,RICE,other,2025,14100
2620700000,26,207,0,0,Joyo,,TEA,tencha,2015,2860
2620700000,26,207,0,0,Joyo,,TEA,tencha,2016,2910
2620700000,26,207,0,0,Joyo,,TEA,tencha,2017,2910
2620700000,26,207,0,0,Joyo,,TEA,tencha,2018,2910
2620700000,26,207,0,0,Joyo,,TEA,tencha,2019,2910
2620700000,26,207,0,0,Joyo,,TEA,tencha,2020,2880
2620700000,26,207,0,0,Joyo,,TEA,tencha,2021,2900
2620700000,26,207,0,0,Joyo,,TEA,tencha,2022,2940
2620700000,26,207,0,0,Joyo,,TEA,tencha,2023,2910
2620700000,26,207,0,0,Joyo,,TEA,tencha,2024,2920
2620700000,26,207,0,0,Joyo,,VEG,,2021,13300
2620700000,26,207,0,0,Joyo,,VEG,,2020,13300
2620700000,26,207,0,0,Joyo,,VEG,,2019,13300
2620700000,26,207,0,0,Joyo,,VEG,,2018,13400
2620700000,26,207,0,0,Joyo,,VEG,,2017,13400
2620700000,26,207,0,0,Joyo,,VEG,,2016,13500
2620700000,26,207,0,0,Joyo,,VEG,,2015,14100
2620800000,26,208,0,0,Muko,,RICE,other,2017,6600
2620800000,26,208,0,0,Muko,,RICE,other,2018,6600
2620800000,26,208,0,0,Muko,,RICE,other,2019,6400
2620800000,26,208,0,0,Muko,,RICE,other,2020,6200
2620800000,26,208,0,0,Muko,,RICE,other,2021,5700
2620800000,26,208,0,0,Muko,,RICE,other,2022,5400
2620800000,26,208,0,0,Muko,,RICE,other,2023,5200
2620800000,26,208,0,0,Muko,,RICE,other,2024,5000
2620800000,26,208,0,0,Muko,,RICE,other,2025,4700
2620800000,26,208,0,0,Muko,,VEG,,2021,4700
2620800000,26,208,0,0,Muko,,VEG,,2020,4700
2620800000,26,208,0,0,Muko,,VEG,,2019,4600
2620800000,26,208,0,0,Muko,,VEG,,2018,4600
2620800000,26,208,0,0,Muko,,VEG,,2017,4700
2620800000,26,208,0,0,Muko,,VEG,,2016,4700
2620800000,26,208,0,0,Muko,,VEG,,2015,4600
2620900000,26,209,0,0,Nagaokakyo,,RICE,other,2017,7100
2620900000,26,209,0,0,Nagaokakyo,,RICE,other,2018,7100
2620900000,26,209,0,0,Nagaokakyo,,RICE,other,2019,6800
2620900000,26,209,0,0,Nagaokakyo,,RICE,other,2020,6700
2620900000,26,209,0,0,Nagaokakyo,,RICE,other,2021,6600
2620900000,26,209,0,0,Nagaokakyo,,RICE,other,2022,6400
2620900000,26,209,0,0,Nagaokakyo,,RICE,other,2023,6100
2620900000,26,209,0,0,Nagaokakyo,,RICE,other,2024,6000
2620900000,26,209,0,0,Nagaokakyo,,RICE,other,2025,6100
2620900000,26,209,0,0,Nagaokakyo,,VEG,,2021,9400
2620900000,26,209,0,0,Nagaokakyo,,VEG,,2020,9600
2620900000,26,209,0,0,Nagaokakyo,,VEG,,2019,9500
2620900000,26,209,0,0,Nagaokakyo,,VEG,,2018,9400
2620900000,26,209,0,0,Nagaokakyo,,VEG,,2017,9600
2620900000,26,209,0,0,Nagaokakyo,,VEG,,2016,9600
2620900000,26,209,0,0,Nagaokakyo,,VEG,,2015,9500
2621000000,26,210,0,0,Yawata,,RICE,other,2017,21000
2621000000,26,210,0,0,Yawata,,RICE,other,2018,21200
2621000000,26,210,0,0,Yawata,,RICE,other,2019,21300
2621000000,26,210,0,0,Yawata,,RICE,other,2020,21100
2621000000,26,210,0,0,Yawata,,RICE,other,2021,21300
2621000000,26,210,0,0,Yawata,,RICE,other,2022,21100
2621000000,26,210,0,0,Yawata,,RICE,other,2023,21200
2621000000,26,210,0,0,Yawata,,RICE,other,2024,19900
2621000000,26,210,0,0,Yawata,,RICE,other,2025,19500
2621000000,26,210,0,0,Yawata,,TEA,tencha,2015,1490
2621000000,26,210,0,0,Yawata,,TEA,tencha,2016,1490
2621000000,26,210,0,0,Yawata,,TEA,tencha,2017,1490
2621000000,26,210,0,0,Yawata,,TEA,tencha,2018,1490
2621000000,26,210,0,0,Yawata,,TEA,tencha,2019,1490
2621000000,26,210,0,0,Yawata,,TEA,tencha,2020,1490
2621000000,26,210,0,0,Yawata,,TEA,tencha,2021,1490
2621000000,26,210,0,0,Yawata,,TEA,tencha,2022,1490
2621000000,26,210,0,0,Yawata,,TEA,tencha,2023,1490
2621000000,26,210,0,0,Yawata,,TEA,tencha,2024,1480
2621000000,26,210,0,0,Yawata,,VEG,,2021,9800
2621000000,26,210,0,0,Yawata,,VEG,,2020,9800
2621000000,26,210,0,0,Yawata,,VEG,,2019,9900
2621000000,26,210,0,0,Yawata,,VEG,,2018,9800
2621000000,26,210,0,0,Yawata,,VEG,,2017,9800
2621000000,26,210,0,0,Yawata,,VEG,,2016,9800
2621000000,26,210,0,0,Yawata,,VEG,,2015,9600
2621100000,26,211,0,0,Kyotanabe,,RICE,other,2017,33300
2621100000,26,211,0,0,Kyotanabe,,RICE,other,2018,33700
2621100000,26,211,0,0,Kyotanabe,,RICE,other,2019,33300
2621100000,26,211,0,0,Kyotanabe,,RICE,other,2020,33600
2621100000,26,211,0,0,Kyotanabe,,RICE,other,2021,33400
2621100000,26,211,0,0,Kyotanabe,,RICE,other,2022,31900
2621100000,26,211,0,0,Kyotanabe,,RICE,other,2023,31500
2621100000,26,211,0,0,Kyotanabe,,RICE,other,2024,30800
2621100000,26,211,0,0,Kyotanabe,,RICE,other,2025,30700
2621100000,26,211,0,0,Kyotanabe,,TEA,sencha,2015,10
2621100000,26,211,0,0,Kyotanabe,,TEA,sencha,2016,10
2621100000,26,211,0,0,Kyotanabe,,TEA,sencha,2017,10
2621100000,26,211,0,0,Kyotanabe,,TEA,sencha,2018,10
2621100000,26,211,0,0,Kyotanabe,,TEA,sencha,2019,10
2621100000,26,211,0,0,Kyotanabe,,TEA,sencha,2020,10
2621100000,26,211,0,0,Kyotanabe,,TEA,sencha,2021,10
2621100000,26,211,0,0,Kyotanabe,,TEA,sencha,2022,10
2621100000,26,211,0,0,Kyotanabe,,TEA,sencha,2023,10
2621100000,26,211,0,0,Kyotanabe,,TEA,sencha,2024,10
2621100000,26,211,0,0,Kyotanabe,,TEA,kabuse,2015,230
2621100000,26,211,0,0,Kyotanabe,,TEA,kabuse,2016,230
2621100000,26,211,0,0,Kyotanabe,,TEA,kabuse,2017,230
2621100000,26,211,0,0,Kyotanabe,,TEA,kabuse,2018,230
2621100000,26,211,0,0,Kyotanabe,,TEA,kabuse,2019,230
2621100000,26,211,0,0,Kyotanabe,,TEA,kabuse,2020,200
2621100000,26,211,0,0,Kyotanabe,,TEA,kabuse,2021,200
2621100000,26,211,0,0,Kyotanabe,,TEA,kabuse,2022,200
2621100000,26,211,0,0,Kyotanabe,,TEA,kabuse,2023,200
2621100000,26,211,0,0,Kyotanabe,,TEA,kabuse,2024,200
2621100000,26,211,0,0,Kyotanabe,,TEA,gyokuro,2015,1300
2621100000,26,211,0,0,Kyotanabe,,TEA,gyokuro,2016,1300
2621100000,26,211,0,0,Kyotanabe,,TEA,gyokuro,2017,1300
2621100000,26,211,0,0,Kyotanabe,,TEA,gyokuro,2018,1300
2621100000,26,211,0,0,Kyotanabe,,TEA,gyokuro,2019,1260
2621100000,26,211,0,0,Kyotanabe,,TEA,gyokuro,2020,1260
2621100000,26,211,0,0,Kyotanabe,,TEA,gyokuro,2021,1260
2621100000,26,211,0,0,Kyotanabe,,TEA,gyokuro,2022,1210
2621100000,26,211,0,0,Kyotanabe,,TEA,gyokuro,2023,1210
2621100000,26,211,0,0,Kyotanabe,,TEA,gyokuro,2024,1210
2621100000,26,211,0,0,Kyotanabe,,TEA,tencha,2015,1280
2621100000,26,211,0,0,Kyotanabe,,TEA,tencha,2016,1280
2621100000,26,211,0,0,Kyotanabe,,TEA,tencha,2017,1300
2621100000,26,211,0,0,Kyotanabe,,TEA,tencha,2018,1300
2621100000,26,211,0,0,Kyotanabe,,TEA,tencha,2019,1300
2621100000,26,211,0,0,Kyotanabe,,TEA,tencha,2020,1300
2621100000,26,211,0,0,Kyotanabe,,TEA,tencha,2021,1300
2621100000,26,211,0,0,Kyotanabe,,TEA,tencha,2022,1320
2621100000,26,211,0,0,Kyotanabe,,TEA,tencha,2023,1320
2621100000,26,211,0,0,Kyotanabe,,TEA,tencha,2024,1340
2621100000,26,211,0,0,Kyotanabe,,VEG,,2021,10900
2621100000,26,211,0,0,Kyotanabe,,VEG,,2020,10900
2621100000,26,211,0,0,Kyotanabe,,VEG,,2019,10800
2621100000,26,211,0,0,Kyotanabe,,VEG,,2018,10600
2621100000,26,211,0,0,Kyotanabe,,VEG,,2017,10700
2621100000,26,211,0,0,Kyotanabe,,VEG,,2016,10800
2621100000,26,211,0,0,Kyotanabe,,VEG,,2015,10700
2621200000,26,212,0,0,Kyotango,,RICE,koshihikari,2017,232200
2621200000,26,212,0,0,Kyotango,,RICE,koshihikari,2018,235200
2621200000,26,212,0,0,Kyotango,,RICE,koshihikari,2019,235600
2621200000,26,212,0,0,Kyotango,,RICE,koshihikari,2020,236200
2621200000,26,212,0,0,Kyotango,,RICE,koshihikari,2021,231800
2621200000,26,212,0,0,Kyotango,,RICE,koshihikari,2022,226000
2621200000,26,212,0,0,Kyotango,,RICE,koshihikari,2023,224800
2621200000,26,212,0,0,Kyotango,,RICE,koshihikari,2024,226100
2621200000,26,212,0,0,Kyotango,,TEA,sencha,2015,4290
2621200000,26,212,0,0,Kyotango,,TEA,sencha,2016,3130
2621200000,26,212,0,0,Kyotango,,TEA,sencha,2017,2900
2621200000,26,212,0,0,Kyotango,,TEA,sencha,2018,2850
2621200000,26,212,0,0,Kyotango,,TEA,sencha,2019,2990
2621200000,26,212,0,0,Kyotango,,TEA,sencha,2020,2280
2621200000,26,212,0,0,Kyotango,,TEA,sencha,2021,2160
2621200000,26,212,0,0,Kyotango,,TEA,sencha,2022,1920
2621200000,26,212,0,0,Kyotango,,TEA,sencha,2023,1920
2621200000,26,212,0,0,Kyotango,,TEA,sencha,2024,2360
2621200000,26,212,0,0,Kyotango,,TEA,tencha,2015,280
2621200000,26,212,0,0,Kyotango,,TEA,tencha,2016,1280
2621200000,26,212,0,0,Kyotango,,TEA,tencha,2017,1510
2621200000,26,212,0,0,Kyotango,,TEA,tencha,2018,1560
2621200000,26,212,0,0,Kyotango,,TEA,tencha,2019,1420
2621200000,26,212,0,0,Kyotango,,TEA,tencha,2020,2130
2621200000,26,212,0,0,Kyotango,,TEA,tencha,2021,2140
2621200000,26,212,0,0,Kyotango,,TEA,tencha,2022,2490
2621200000,26,212,0,0,Kyotango,,TEA,tencha,2023,2490
2621200000,26,212,0,0,Kyotango,,TEA,tencha,2024,1710
2621200000,26,212,0,0,Kyotango,,VEG,,2021,110000
2621200000,26,212,0,0,Kyotango,,VEG,,2020,111000
2621200000,26,212,0,0,Kyotango,,VEG,,2019,111000
2621200000,26,212,0,0,Kyotango,,VEG,,2018,113000
2621200000,26,212,0,0,Kyotango,,VEG,,2017,113000
2621200000,26,212,0,0,Kyotango,,VEG,,2016,114000
2621200000,26,212,0,0,Kyotango,,VEG,,2015,114000
2621300000,26,213,0,0,Nantan,,RICE,other,2017,143500
2621300000,26,213,0,0,Nantan,,RICE,other,2018,144300
2621300000,26,213,0,0,Nantan,,RICE,other,2019,144600
2621300000,26,213,0,0,Nantan,,RICE,other,2020,143300
2621300000,26,213,0,0,Nantan,,RICE,other,2021,143700
2621300000,26,213,0,0,Nantan,,RICE,other,2022,139600
2621300000,26,213,0,0,Nantan,,RICE,other,2023,135600
2621300000,26,213,0,0,Nantan,,RICE,other,2024,137300
2621300000,26,213,0,0,Nantan,,VEG,,2021,21700
2621300000,26,213,0,0,Nantan,,VEG,,2020,21700
2621300000,26,213,0,0,Nantan,,VEG,,2019,21800
2621300000,26,213,0,0,Nantan,,VEG,,2018,21800
2621300000,26,213,0,0,Nantan,,VEG,,2017,21800
2621300000,26,213,0,0,Nantan,,VEG,,2016,21800
2621300000,26,213,0,0,Nantan,,VEG,,2015,21800
2621400000,26,214,0,0,Kizugawa,,RICE,other,2017,45100
2621400000,26,214,0,0,Kizugawa,,RICE,other,2018,46100
2621400000,26,214,0,0,Kizugawa,,RICE,other,2019,45400
2621400000,26,214,0,0,Kizugawa,,RICE,other,2020,44600
2621400000,26,214,0,0,Kizugawa,,RICE,other,2021,44500
2621400000,26,214,0,0,Kizugawa,,RICE,other,2022,44300
2621400000,26,214,0,0,Kizugawa,,RICE,other,2023,42500
2621400000,26,214,0,0,Kizugawa,,RICE,other,2024,40900
2621400000,26,214,0,0,Kizugawa,,RICE,other,2025,40600
2621400000,26,214,0,0,Kizugawa,,TEA,sencha,2015,2710
2621400000,26,214,0,0,Kizugawa,,TEA,sencha,2016,2710
2621400000,26,214,0,0,Kizugawa,,TEA,sencha,2017,2710
2621400000,26,214,0,0,Kizugawa,,TEA,sencha,2018,2710
2621400000,26,214,0,0,Kizugawa,,TEA,sencha,2019,2710
2621400000,26,214,0,0,Kizugawa,,TEA,sencha,2020,2710
2621400000,26,214,0,0,Kizugawa,,TEA,sencha,2021,2710
2621400000,26,214,0,0,Kizugawa,,TEA,sencha,2022,2710
2621400000,26,214,0,0,Kizugawa,,TEA,sencha,2023,2510
2621400000,26,214,0,0,Kizugawa,,TEA,sencha,2024,2510
2621400000,26,214,0,0,Kizugawa,,TEA,kabuse,2015,8060
2621400000,26,214,0,0,Kizugawa,,TEA,kabuse,2016,8170
2621400000,26,214,0,0,Kizugawa,,TEA,kabuse,2017,8250
2621400000,26,214,0,0,Kizugawa,,TEA,kabuse,2018,8320
2621400000,26,214,0,0,Kizugawa,,TEA,kabuse,2019,8290
2621400000,26,214,0,0,Kizugawa,,TEA,kabuse,2020,8240
2621400000,26,214,0,0,Kizugawa,,TEA,kabuse,2021,8210
2621400000,26,214,0,0,Kizugawa,,TEA,kabuse,2022,8210
2621400000,26,214,0,0,Kizugawa,,TEA,kabuse,2023,8230
2621400000,26,214,0,0,Kizugawa,,TEA,kabuse,2024,8250
2621400000,26,214,0,0,Kizugawa,,TEA,gyokuro,2015,60
2621400000,26,214,0,0,Kizugawa,,TEA,gyokuro,2016,60
2621400000,26,214,0,0,Kizugawa,,TEA,gyokuro,2017,60
2621400000,26,214,0,0,Kizugawa,,TEA,gyokuro,2018,60
2621400000,26,214,0,0,Kizugawa,,TEA,gyokuro,2019,60
2621400000,26,214,0,0,Kizugawa,,TEA,gyokuro,2020,60
2621400000,26,214,0,0,Kizugawa,,TEA,gyokuro,2021,60
2621400000,26,214,0,0,Kizugawa,,TEA,gyokuro,2022,60
2621400000,26,214,0,0,Kizugawa,,TEA,gyokuro,2023,60
2621400000,26,214,0,0,Kizugawa,,TEA,gyokuro,2024,60
2621400000,26,214,0,0,Kizugawa,,TEA,tencha,2015,2980
2621400000,26,214,0,0,Kizugawa,,TEA,tencha,2016,2980
2621400000,26,214,0,0,Kizugawa,,TEA,tencha,2017,2980
2621400000,26,214,0,0,Kizugawa,,TEA,tencha,2018,2980
2621400000,26,214,0,0,Kizugawa,,TEA,tencha,2019,2980
2621400000,26,214,0,0,Kizugawa,,TEA,tencha,2020,2980
2621400000,26,214,0,0,Kizugawa,,TEA,tencha,2021,2980
2621400000,26,214,0,0,Kizugawa,,TEA,tencha,2022,2980
2621400000,26,214,0,0,Kizugawa,,TEA,tencha,2023,2840
2621400000,26,214,0,0,Kizugawa,,TEA,tencha,2024,2840
2621400000,26,214,0,0,Kizugawa,,VEG,,2021,54700
2621400000,26,214,0,0,Kizugawa,,VEG,,2020,55300
2621400000,26,214,0,0,Kizugawa,,VEG,,2019,55600
2621400000,26,214,0,0,Kizugawa,,VEG,,2018,55500
2621400000,26,214,0,0,Kizugawa,,VEG,,2017,55700
2621400000,26,214,0,0,Kizugawa,,VEG,,2016,56000
2621400000,26,214,0,0,Kizugawa,,VEG,,2015,56400
2630300000,26,303,0,0,Oyamazaki,,RICE,other,2017,1000
2630300000,26,303,0,0,Oyamazaki,,RICE,other,2018,900
2630300000,26,303,0,0,Oyamazaki,,RICE,other,2019,900
2630300000,26,303,0,0,Oyamazaki,,RICE,other,2020,900
2630300000,26,303,0,0,Oyamazaki,,RICE,other,2021,900
2630300000,26,303,0,0,Oyamazaki,,RICE,other,2022,900
2630300000,26,303,0,0,Oyamazaki,,RICE,other,2023,900
2630300000,26,303,0,0,Oyamazaki,,RICE,other,2024,800
2630300000,26,303,0,0,Oyamazaki,,RICE,other,2025,800
2630300000,26,303,0,0,Oyamazaki,,VEG,,2021,1500
2630300000,26,303,0,0,Oyamazaki,,VEG,,2020,1500
2630300000,26,303,0,0,Oyamazaki,,VEG,,2019,1500
2630300000,26,303,0,0,Oyamazaki,,VEG,,2018,1500
2630300000,26,303,0,0,Oyamazaki,,VEG,,2017,1500
2630300000,26,303,0,0,Oyamazaki,,VEG,,2016,1400
2630300000,26,303,0,0,Oyamazaki,,VEG,,2015,1300
2632200000,26,322,0,0,Kumiyama,,RICE,other,2017,20300
2632200000,26,322,0,0,Kumiyama,,RICE,other,2018,20900
2632200000,26,322,0,0,Kumiyama,,RICE,other,2019,20500
2632200000,26,322,0,0,Kumiyama,,RICE,other,2020,20000
2632200000,26,322,0,0,Kumiyama,,RICE,other,2021,19700
2632200000,26,322,0,0,Kumiyama,,RICE,other,2022,19200
2632200000,26,322,0,0,Kumiyama,,RICE,other,2023,18700
2632200000,26,322,0,0,Kumiyama,,RICE,other,2024,18000
2632200000,26,322,0,0,Kumiyama,,RICE,other,2025,18100
2632200000,26,322,0,0,Kumiyama,,TEA,tencha,2015,350
2632200000,26,322,0,0,Kumiyama,,TEA,tencha,2016,330
2632200000,26,322,0,0,Kumiyama,,TEA,tencha,2017,310
2632200000,26,322,0,0,Kumiyama,,TEA,tencha,2018,310
2632200000,26,322,0,0,Kumiyama,,TEA,tencha,2019,310
2632200000,26,322,0,0,Kumiyama,,TEA,tencha,2020,280
2632200000,26,322,0,0,Kumiyama,,TEA,tencha,2021,280
2632200000,26,322,0,0,Kumiyama,,TEA,tencha,2022,240
2632200000,26,322,0,0,Kumiyama,,TEA,tencha,2023,220
2632200000,26,322,0,0,Kumiyama,,TEA,tencha,2024,220
2632200000,26,322,0,0,Kumiyama,,VEG,,2021,8600
2632200000,26,322,0,0,Kumiyama,,VEG,,2020,8600
2632200000,26,322,0,0,Kumiyama,,VEG,,2019,8700
2632200000,26,322,0,0,Kumiyama,,VEG,,2018,8700
2632200000,26,322,0,0,Kumiyama,,VEG,,2017,8700
2632200000,26,322,0,0,Kumiyama,,VEG,,2016,8700
2632200000,26,322,0,0,Kumiyama,,VEG,,2015,8700
2634300000,26,343,0,0,Ide,,RICE,other,2017,7100
2634300000,26,343,0,0,Ide,,RICE,other,2018,6000
2634300000,26,343,0,0,Ide,,RICE,other,2019,5900
2634300000,26,343,0,0,Ide,,RICE,other,2020,5900
2634300000,26,343,0,0,Ide,,RICE,other,2021,5900
2634300000,26,343,0,0,Ide,,RICE,other,2022,5700
2634300000,26,343,0,0,Ide,,RICE,other,2023,5700
2634300000,26,343,0,0,Ide,,RICE,other,2024,5400
2634300000,26,343,0,0,Ide,,RICE,other,2025,5100
2634300000,26,343,0,0,Ide,,TEA,tencha,2015,1430
2634300000,26,343,0,0,Ide,,TEA,tencha,2016,1430
2634300000,26,343,0,0,Ide,,TEA,tencha,2017,1440
2634300000,26,343,0,0,Ide,,TEA,tencha,2018,1430
2634300000,26,343,0,0,Ide,,TEA,tencha,2019,1440
2634300000,26,343,0,0,Ide,,TEA,tencha,2020,1440
2634300000,26,343,0,0,Ide,,TEA,tencha,2021,1440
2634300000,26,343,0,0,Ide,,TEA,tencha,2022,1420
2634300000,26,343,0,0,Ide,,TEA,tencha,2023,1420
2634300000,26,343,0,0,Ide,,TEA,tencha,2024,1420
2634300000,26,343,0,0,Ide,,VEG,,2021,6000
2634300000,26,343,0,0,Ide,,VEG,,2020,6000
2634300000,26,343,0,0,Ide,,VEG,,2019,6000
2634300000,26,343,0,0,Ide,,VEG,,2018,6000
2634300000,26,343,0,0,Ide,,VEG,,2017,6100
2634300000,26,343,0,0,Ide,,VEG,,2016,6100
2634300000,26,343,0,0,Ide,,VEG,,2015,6100
2634400000,26,344,0,0,Ujitawara,,RICE,other,2017,9500
2634400000,26,344,0,0,Ujitawara,,RICE,other,2018,9200
2634400000,26,344,0,0,Ujitawara,,RICE,other,2019,8800
2634400000,26,344,0,0,Ujitawara,,RICE,other,2020,9000
2634400000,26,344,0,0,Ujitawara,,RICE,other,2021,8700
2634400000,26,344,0,0,Ujitawara,,RICE,other,2022,8200
2634400000,26,344,0,0,Ujitawara,,RICE,other,2023,8000
2634400000,26,344,0,0,Ujitawara,,RICE,other,2024,8000
2634400000,26,344,0,0,Ujitawara,,RICE,other,2025,8000
2634400000,26,344,0,0,Ujitawara,,TEA,sencha,2015,2140
2634400000,26,344,0,0,Ujitawara,,TEA,sencha,2016,2130
2634400000,26,344,0,0,Ujitawara,,TEA,sencha,2017,2080
2634400000,26,344,0,0,Ujitawara,,TEA,sencha,2018,2060
2634400000,26,344,0,0,Ujitawara,,TEA,sencha,2019,2060
2634400000,26,344,0,0,Ujitawara,,TEA,sencha,2020,2060
2634400000,26,344,0,0,Ujitawara,,TEA,sencha,2021,2060
2634400000,26,344,0,0,Ujitawara,,TEA,sencha,2022,2060
2634400000,26,344,0,0,Ujitawara,,TEA,sencha,2023,2080
2634400000,26,344,0,0,Ujitawara,,TEA,sencha,2024,2080
2634400000,26,344,0,0,Ujitawara,,TEA,kabuse,2015,280
2634400000,26,344,0,0,Ujitawara,,TEA,kabuse,2016,270
2634400000,26,344,0,0,Ujitawara,,TEA,kabuse,2017,230
2634400000,26,344,0,0,Ujitawara,,TEA,kabuse,2018,220
2634400000,26,344,0,0,Ujitawara,,TEA,kabuse,2019,220
2634400000,26,344,0,0,Ujitawara,,TEA,kabuse,2020,220
2634400000,26,344,0,0,Ujitawara,,TEA,kabuse,2021,220
2634400000,26,344,0,0,Ujitawara,,TEA,kabuse,2022,170
2634400000,26,344,0,0,Ujitawara,,TEA,kabuse,2023,170
2634400000,26,344,0,0,Ujitawara,,TEA,kabuse,2024,170
2634400000,26,344,0,0,Ujitawara,,TEA,gyokuro,2015,15920
2634400000,26,344,0,0,Ujitawara,,TEA,gyokuro,2016,16050
2634400000,26,344,0,0,Ujitawara,,TEA,gyokuro,2017,15980
2634400000,26,344,0,0,Ujitawara,,TEA,gyokuro,2018,16020
2634400000,26,344,0,0,Ujitawara,,TEA,gyokuro,2019,16020
2634400000,26,344,0,0,Ujitawara,,TEA,gyokuro,2020,16150
2634400000,26,344,0,0,Ujitawara,,TEA,gyokuro,2021,16070
2634400000,26,344,0,0,Ujitawara,,TEA,gyokuro,2022,15790
2634400000,26,344,0,0,Ujitawara,,TEA,gyokuro,2023,15870
2634400000,26,344,0,0,Ujitawara,,TEA,gyokuro,2024,16330
2634400000,26,344,0,0,Ujitawara,,TEA,tencha,2015,5700
2634400000,26,344,0,0,Ujitawara,,TEA,tencha,2016,5700
2634400000,26,344,0,0,Ujitawara,,TEA,tencha,2017,5820
2634400000,26,344,0,0,Ujitawara,,TEA,tencha,2018,5880
2634400000,26,344,0,0,Ujitawara,,TEA,tencha,2019,5880
2634400000,26,344,0,0,Ujitawara,,TEA,tencha,2020,5890
2634400000,26,344,0,0,Ujitawara,,TEA,tencha,2021,5790
2634400000,26,344,0,0,Ujitawara,,TEA,tencha,2022,5780
2634400000,26,344,0,0,Ujitawara,,TEA,tencha,2023,5870
2634400000,26,344,0,0,Ujitawara,,TEA,tencha,2024,6330
2634400000,26,344,0,0,Ujitawara,,VEG,,2021,26400
2634400000,26,344,0,0,Ujitawara,,VEG,,2020,25900
2634400000,26,344,0,0,Ujitawara,,VEG,,2019,25900
2634400000,26,344,0,0,Ujitawara,,VEG,,2018,25900
2634400000,26,344,0,0,Ujitawara,,VEG,,2017,26000
2634400000,26,344,0,0,Ujitawara,,VEG,,2016,26400
2634400000,26,344,0,0,Ujitawara,,VEG,,2015,26400
2636400000,26,364,0,0,Kasagi,,RICE,other,2017,1400
2636400000,26,364,0,0,Kasagi,,RICE,other,2018,1500
2636400000,26,364,0,0,Kasagi,,RICE,other,2019,1500
2636400000,26,364,0,0,Kasagi,,RICE,other,2020,1400
2636400000,26,364,0,0,Kasagi,,RICE,other,2021,1400
2636400000,26,364,0,0,Kasagi,,RICE,other,2022,1400
2636400000,26,364,0,0,Kasagi,,RICE,other,2023,1300
2636400000,26,364,0,0,Kasagi,,RICE,other,2024,1200
2636400000,26,364,0,0,Kasagi,,RICE,other,2025,1200
2636400000,26,364,0,0,Kasagi,,VEG,,2021,2400
2636400000,26,364,0,0,Kasagi,,VEG,,2020,2400
2636400000,26,364,0,0,Kasagi,,VEG,,2019,2400
2636400000,26,364,0,0,Kasagi,,VEG,,2018,2400
2636400000,26,364,0,0,Kasagi,,VEG,,2017,2400
2636400000,26,364,0,0,Kasagi,,VEG,,2016,2400
2636400000,26,364,0,0,Kasagi,,VEG,,2015,2400
2636500000,26,365,0,0,Wazuka,,RICE,other,2017,7100
2636500000,26,365,0,0,Wazuka,,RICE,other,2018,5900
2636500000,26,365,0,0,Wazuka,,RICE,other,2019,6800
2636500000,26,365,0,0,Wazuka,,RICE,other,2020,6800
2636500000,26,365,0,0,Wazuka,,RICE,other,2021,6600
2636500000,26,365,0,0,Wazuka,,RICE,other,2022,6400
2636500000,26,365,0,0,Wazuka,,RICE,other,2023,6400
2636500000,26,365,0,0,Wazuka,,RICE,other,2024,6000
2636500000,26,365,0,0,Wazuka,,RICE,other,2025,6000
2636500000,26,365,0,0,Wazuka,,TEA,sencha,2015,29910
2636500000,26,365,0,0,Wazuka,,TEA,sencha,2016,29720
2636500000,26,365,0,0,Wazuka,,TEA,sencha,2017,29470
2636500000,26,365,0,0,Wazuka,,TEA,sencha,2018,29010
2636500000,26,365,0,0,Wazuka,,TEA,sencha,2019,27530
2636500000,26,365,0,0,Wazuka,,TEA,sencha,2020,26900
2636500000,26,365,0,0,Wazuka,,TEA,sencha,2021,26250
2636500000,26,365,0,0,Wazuka,,TEA,sencha,2022,24940
2636500000,26,365,0,0,Wazuka,,TEA,sencha,2023,23700
2636500000,26,365,0,0,Wazuka,,TEA,sencha,2024,18300
2636500000,26,365,0,0,Wazuka,,TEA,kabuse,2015,8550
2636500000,26,365,0,0,Wazuka,,TEA,kabuse,2016,8550
2636500000,26,365,0,0,Wazuka,,TEA,kabuse,2017,8550
2636500000,26,365,0,0,Wazuka,,TEA,kabuse,2018,8550
2636500000,26,365,0,0,Wazuka,,TEA,kabuse,2019,8560
2636500000,26,365,0,0,Wazuka,,TEA,kabuse,2020,8600
2636500000,26,365,0,0,Wazuka,,TEA,kabuse,2021,8600
2636500000,26,365,0,0,Wazuka,,TEA,kabuse,2022,8600
2636500000,26,365,0,0,Wazuka,,TEA,kabuse,2023,8600
2636500000,26,365,0,0,Wazuka,,TEA,kabuse,2024,8600
2636500000,26,365,0,0,Wazuka,,TEA,gyokuro,2015,370
2636500000,26,365,0,0,Wazuka,,TEA,gyokuro,2016,370
2636500000,26,365,0,0,Wazuka,,TEA,gyokuro,2017,390
2636500000,26,365,0,0,Wazuka,,TEA,gyokuro,2018,390
2636500000,26,365,0,0,Wazuka,,TEA,gyokuro,2019,460
2636500000,26,365,0,0,Wazuka,,TEA,gyokuro,2020,630
2636500000,26,365,0,0,Wazuka,,TEA,gyokuro,2021,630
2636500000,26,365,0,0,Wazuka,,TEA,gyokuro,2022,630
2636500000,26,365,0,0,Wazuka,,TEA,gyokuro,2023,630
2636500000,26,365,0,0,Wazuka,,TEA,gyokuro,2024,630
2636500000,26,365,0,0,Wazuka,,TEA,tencha,2015,18700
2636500000,26,365,0,0,Wazuka,,TEA,tencha,2016,18830
2636500000,26,365,0,0,Wazuka,,TEA,tencha,2017,18720
2636500000,26,365,0,0,Wazuka,,TEA,tencha,2018,19130
2636500000,26,365,0,0,Wazuka,,TEA,tencha,2019,19740
2636500000,26,365,0,0,Wazuka,,TEA,tencha,2020,19780
2636500000,26,365,0,0,Wazuka,,TEA,tencha,2021,19870
2636500000,26,365,0,0,Wazuka,,TEA,tencha,2022,20490
2636500000,26,365,0,0,Wazuka,,TEA,tencha,2023,20770
2636500000,26,365,0,0,Wazuka,,TEA,tencha,2024,25770
2636500000,26,365,0,0,Wazuka,,VEG,,2021,57600
2636500000,26,365,0,0,Wazuka,,VEG,,2020,57900
2636500000,26,365,0,0,Wazuka,,VEG,,2019,57900
2636500000,26,365,0,0,Wazuka,,VEG,,2018,57900
2636500000,26,365,0,0,Wazuka,,VEG,,2017,58000
2636500000,26,365,0,0,Wazuka,,VEG,,2016,58000
2636500000,26,365,0,0,Wazuka,,VEG,,2015,58000
2636600000,26,366,0,0,Seika,,RICE,other,2017,20600
2636600000,26,366,0,0,Seika,,RICE,other,2018,20600
2636600000,26,366,0,0,Seika,,RICE,other,2020,20300
2636600000,26,366,0,0,Seika,,RICE,other,2021,20500
2636600000,26,366,0,0,Seika,,RICE,other,2022,20100
2636600000,26,366,0,0,Seika,,RICE,other,2023,20000
2636600000,26,366,0,0,Seika,,RICE,other,2024,19500
2636600000,26,366,0,0,Seika,,RICE,other,2025,19700
2636600000,26,366,0,0,Seika,,VEG,,2021,3300
2636600000,26,366,0,0,Seika,,VEG,,2020,3300
2636600000,26,366,0,0,Seika,,VEG,,2019,3300
2636600000,26,366,0,0,Seika,,VEG,,2018,3300
2636600000,26,366,0,0,Seika,,VEG,,2017,3300
2636600000,26,366,0,0,Seika,,VEG,,2016,3300
2636600000,26,366,0,0,Seika,,VEG,,2015,3300
2636700000,26,367,0,0,Minamiyamashiro,,RICE,other,2017,8100
2636700000,26,367,0,0,Minamiyamashiro,,RICE,other,2018,7300
2636700000,26,367,0,0,Minamiyamashiro,,RICE,other,2019,6900
2636700000,26,367,0,0,Minamiyamashiro,,RICE,other,2020,6500
2636700000,26,367,0,0,Minamiyamashiro,,RICE,other,2021,6400
2636700000,26,367,0,0,Minamiyamashiro,,RICE,other,2022,6100
2636700000,26,367,0,0,Minamiyamashiro,,RICE,other,2023,6000
2636700000,26,367,0,0,Minamiyamashiro,,RICE,other,2024,5400
2636700000,26,367,0,0,Minamiyamashiro,,RICE,other,2025,5200
2636700000,26,367,0,0,Minamiyamashiro,,TEA,sencha,2015,22520
2636700000,26,367,0,0,Minamiyamashiro,,TEA,sencha,2016,22450
2636700000,26,367,0,0,Minamiyamashiro,,TEA,sencha,2017,20690
2636700000,26,367,0,0,Minamiyamashiro,,TEA,sencha,2018,18500
2636700000,26,367,0,0,Minamiyamashiro,,TEA,sencha,2019,18020
2636700000,26,367,0,0,Minamiyamashiro,,TEA,sencha,2020,14280
2636700000,26,367,0,0,Minamiyamashiro,,TEA,sencha,2021,13260
2636700000,26,367,0,0,Minamiyamashiro,,TEA,sencha,2022,11360
2636700000,26,367,0,0,Minamiyamashiro,,TEA,sencha,2023,10510
2636700000,26,367,0,0,Minamiyamashiro,,TEA,sencha,2024,8110
2636700000,26,367,0,0,Minamiyamashiro,,TEA,kabuse,2015,3200
2636700000,26,367,0,0,Minamiyamashiro,,TEA,kabuse,2016,3200
2636700000,26,367,0,0,Minamiyamashiro,,TEA,kabuse,2017,3200
2636700000,26,367,0,0,Minamiyamashiro,,TEA,kabuse,2018,3450
2636700000,26,367,0,0,Minamiyamashiro,,TEA,kabuse,2019,3180
2636700000,26,367,0,0,Minamiyamashiro,,TEA,kabuse,2020,3660
2636700000,26,367,0,0,Minamiyamashiro,,TEA,kabuse,2021,3320
2636700000,26,367,0,0,Minamiyamashiro,,TEA,kabuse,2022,3250
2636700000,26,367,0,0,Minamiyamashiro,,TEA,kabuse,2023,3250
2636700000,26,367,0,0,Minamiyamashiro,,TEA,kabuse,2024,3200
2636700000,26,367,0,0,Minamiyamashiro,,TEA,gyokuro,2015,20
2636700000,26,367,0,0,Minamiyamashiro,,TEA,gyokuro,2016,30
2636700000,26,367,0,0,Minamiyamashiro,,TEA,gyokuro,2017,30
2636700000,26,367,0,0,Minamiyamashiro,,TEA,gyokuro,2018,160
2636700000,26,367,0,0,Minamiyamashiro,,TEA,gyokuro,2019,160
2636700000,26,367,0,0,Minamiyamashiro,,TEA,gyokuro,2020,160
2636700000,26,367,0,0,Minamiyamashiro,,TEA,gyokuro,2021,160
2636700000,26,367,0,0,Minamiyamashiro,,TEA,gyokuro,2022,160
2636700000,26,367,0,0,Minamiyamashiro,,TEA,gyokuro,2023,250
2636700000,26,367,0,0,Minamiyamashiro,,TEA,gyokuro,2024,240
2636700000,26,367,0,0,Minamiyamashiro,,TEA,tencha,2015,2640
2636700000,26,367,0,0,Minamiyamashiro,,TEA,tencha,2016,2720
2636700000,26,367,0,0,Minamiyamashiro,,TEA,tencha,2017,4220
2636700000,26,367,0,0,Minamiyamashiro,,TEA,tencha,2018,6080
2636700000,26,367,0,0,Minamiyamashiro,,TEA,tencha,2019,4990
2636700000,26,367,0,0,Minamiyamashiro,,TEA,tencha,2020,6570
2636700000,26,367,0,0,Minamiyamashiro,,TEA,tencha,2021,6680
2636700000,26,367,0,0,Minamiyamashiro,,TEA,tencha,2022,6940
2636700000,26,367,0,0,Minamiyamashiro,,TEA,tencha,2023,7650
2636700000,26,367,0,0,Minamiyamashiro,,TEA,tencha,2024,8590
2636700000,26,367,0,0,Minamiyamashiro,,VEG,,2021,28500
2636700000,26,367,0,0,Minamiyamashiro,,VEG,,2020,28500
2636700000,26,367,0,0,Minamiyamashiro,,VEG,,2019,28600
2636700000,26,367,0,0,Minamiyamashiro,,VEG,,2018,28600
2636700000,26,367,0,0,Minamiyamashiro,,VEG,,2017,28700
2636700000,26,367,0,0,Minamiyamashiro,,VEG,,2016,28800
2636700000,26,367,0,0,Minamiyamashiro,,VEG,,2015,28800
2640700000,26,407,0,0,Kyotanba,,RICE,other,2017,69200
2640700000,26,407,0,0,Kyotanba,,RICE,other,2018,68300
2640700000,26,407,0,0,Kyotanba,,RICE,other,2019,66900
2640700000,26,407,0,0,Kyotanba,,RICE,other,2020,65800
2640700000,26,407,0,0,Kyotanba,,RICE,other,2021,65200
2640700000,26,407,0,0,Kyotanba,,RICE,other,2022,64400
2640700000,26,407,0,0,Kyotanba,,RICE,other,2023,62600
2640700000,26,407,0,0,Kyotanba,,RICE,other,2024,61800
2640700000,26,407,0,0,Kyotanba,,TEA,sencha,2015,440
2640700000,26,407,0,0,Kyotanba,,TEA,sencha,2016,500
2640700000,26,407,0,0,Kyotanba,,TEA,sencha,2017,510
2640700000,26,407,0,0,Kyotanba,,TEA,sencha,2018,510
2640700000,26,407,0,0,Kyotanba,,TEA,sencha,2019,510
2640700000,26,407,0,0,Kyotanba,,TEA,sencha,2020,550
2640700000,26,407,0,0,Kyotanba,,TEA,sencha,2021,550
2640700000,26,407,0,0,Kyotanba,,TEA,sencha,2022,550
2640700000,26,407,0,0,Kyotanba,,TEA,sencha,2023,550
2640700000,26,407,0,0,Kyotanba,,TEA,sencha,2024,550
2640700000,26,407,0,0,Kyotanba,,VEG,,2021,23000
2640700000,26,407,0,0,Kyotanba,,VEG,,2020,23200
2640700000,26,407,0,0,Kyotanba,,VEG,,2019,23500
2640700000,26,407,0,0,Kyotanba,,VEG,,2018,23400
2640700000,26,407,0,0,Kyotanba,,VEG,,2017,23500
2640700000,26,407,0,0,Kyotanba,,VEG,,2016,23700
2640700000,26,407,0,0,Kyotanba,,VEG,,2015,23600
2646300000,26,463,0,0,Ine,,RICE,koshihikari,2017,11200
2646300000,26,463,0,0,Ine,,RICE,koshihikari,2018,10700
2646300000,26,463,0,0,Ine,,RICE,koshihikari,2019,10600
2646300000,26,463,0,0,Ine,,RICE,koshihikari,2020,10500
2646300000,26,463,0,0,Ine,,RICE,koshihikari,2021,10400
2646300000,26,463,0,0,Ine,,RICE,koshihikari,2022,10100
2646300000,26,463,0,0,Ine,,RICE,koshihikari,2023,9900
2646300000,26,463,0,0,Ine,,RICE,koshihikari,2024,9900
2646300000,26,463,0,0,Ine,,RICE,koshihikari,2025,10000
2646300000,26,463,0,0,Ine,,VEG,,2021,5400
2646300000,26,463,0,0,Ine,,VEG,,2020,5400
2646300000,26,463,0,0,Ine,,VEG,,2019,5500
2646300000,26,463,0,0,Ine,,VEG,,2018,5700
2646300000,26,463,0,0,Ine,,VEG,,2017,5700
2646300000,26,463,0,0,Ine,,VEG,,2016,5700
2646300000,26,463,0,0,Ine,,VEG,,2015,5900
2646500000,26,465,0,0,Yosano,,RICE,koshihikari,2017,62600
2646500000,26,465,0,0,Yosano,,RICE,koshihikari,2018,61700
2646500000,26,465,0,0,Yosano,,RICE,koshihikari,2019,61600
2646500000,26,465,0,0,Yosano,,RICE,koshihikari,2020,63000
2646500000,26,465,0,0,Yosano,,RICE,koshihikari,2021,63200
2646500000,26,465,0,0,Yosano,,RICE,koshihikari,2022,62700
2646500000,26,465,0,0,Yosano,,RICE,koshihikari,2023,63100
2646500000,26,465,0,0,Yosano,,RICE,koshihikari,2024,62900
2646500000,26,465,0,0,Yosano,,VEG,,2021,4700
2646500000,26,465,0,0,Yosano,,VEG,,2020,4700
2646500000,26,465,0,0,Yosano,,VEG,,2019,4700
2646500000,26,465,0,0,Yosano,,VEG,,2018,4700
2646500000,26,465,0,0,Yosano,,VEG,,2017,4800
2646500000,26,465,0,0,Yosano,,VEG,,2016,4800
2646500000,26,465,0,0,Yosano,,VEG,,2015,4800
